vertion,1
checkposition,1
FullName,Vaule1,value2,value3,value4
_var_begin
IN_使能_C_1,,,,
_var_begin
IN_停止_C_1,,,,
_var_begin
IN_复位_C_1,,,,
_var_begin
IN_急停_C_1,,,,
_var_begin
IN_正向点动_C_1,,,,
_var_begin
IN_反向点动_C_1,,,,
_var_begin
IN_点动速度_C_1,,,,
_var_begin
IN_回原命令_C_1,,,,
_var_begin
IN_绝对定位命令_C_1,,,,
_var_begin
IN_绝对定位位置_C_1,,,,
_var_begin
IN_绝对定位速度_C_1,,,,
_var_begin
IN_相对定位命令_C_1,,,,
_var_begin
IN_相对定位位置_C_1,,,,
_var_begin
IN_相对定位速度_C_1,,,,
_var_begin
IN_力矩定位命令_C_1,,,,
_var_begin
IN_力矩定位力_C_1,,,,
_var_begin
IN_力矩定位速度_C_1,,,,
_var_begin
IN_加速度_C_1,,,,
_var_begin
IN_减速度_C_1,,,,
_var_begin
IN_速度曲线类型_C_1,,,,
_var_begin
IN_运动超调命令_C_1,,,,
_var_begin
IN_速度超调值_C_1,,,,
_var_begin
IN_加速度超调值_C_1,,,,
_var_begin
OUT_正极限位信号_C_1,,,,
_var_begin
OUT_正限位报警_C_1,,,,
_var_begin
OUT_负极限位信号_C_1,,,,
_var_begin
OUT_负限位报警_C_1,,,,
_var_begin
OUT_原点信号_C_1,,,,
_var_begin
OUT_当前位置_C_1,,,,
_var_begin
OUT_当前速度_C_1,,,,
_var_begin
OUT_使能完成_C_1,,,,
_var_begin
OUT_停止完成_C_1,,,,
_var_begin
OUT_复位完成_C_1,,,,
_var_begin
OUT_在当前绝对定位位置_C_1,,,,
_var_begin
OUT_当前转矩_C_1,,,,
_var_begin
OUT_驱动器故障码_C_1,,,,
_var_begin
OUT_驱动器报警_C_1,,,,
_var_begin
OUT_轴故障码_C_1,,,,
_var_begin
OUT_轴故障中_C_1,,,,
_var_begin
OUT_FB执行错误_C_1,,,,
_var_begin
OUT_相对定位执行中_C_1,,,,
_var_begin
OUT_相对定位完成保持_C_1,,,,
_var_begin
OUT_相对定位完成_C_1,,,,
_var_begin
OUT_绝对定位执行中_C_1,,,,
_var_begin
OUT_绝对定位完成保持_C_1,,,,
_var_begin
OUT_绝对定位完成_C_1,,,,
_var_begin
OUT_回原执行中_C_1,,,,
_var_begin
OUT_回原完成保持_C_1,,,,
_var_begin
OUT_回原完成_C_1,,,,
_var_begin
OUT_点动运行中_C_1,,,,
_var_begin
OUT_急停完成_C_1,,,,
_var_begin
OUT_急停错误_C_1,,,,
_var_begin
OUT_运动超调有效_C_1,,,,
_var_begin
OUT_运动超调忙_C_1,,,,
_var_begin
OUT_运动超调故障_C_1,,,,
_var_begin
OUT_去使能状态_C_1,,,,
_var_begin
OUT_使能非运行_C_1,,,,
_var_begin
OUT_恒速运动_C_1,,,,
_var_begin
OUT_加速运动_C_1,,,,
_var_begin
OUT_减速运动_C_1,,,,
_var_begin
轴参数更新_C_1,,,,
_var_begin
轴参数号_C_1,,,,
_var_begin
测试状态_C_1,,,,
_var_begin
测试进行_C_1,,,,
_var_begin
测试故障_C_1,,,,
_var_begin
测试id_C_1,,,,
